Path,Filename
\,ApplicationEvents.vb
\,AssemblyInfo.vb
\,GlobalSuppressions.vb
_Code\,App.vb
_Code\,AppTimers.vb
_Code\,AppVariables.vb
_Code\,BitFields.vb
_Code\,BooleanConvert.vb
_Code\,BooleanEnums.vb
_Code\,BooleanFormatProvider.vb
_Code\,CollectionHelper.vb
_Code\,CrystalReports.vb
_Code\,CueTextBox.vb
_Code\,DateFunctions.vb
_Code\,DbConnections.vb
_Code\,DocumentMessages.vb
_Code\,Email.vb
_Code\,EqatecAnalytics.vb
_Code\,ErrorReporting.vb
_Code\,ExcelExport.vb
_Code\,Extensions.vb
_Code\,FileSizeFormatProvider.vb
_Code\,FileSystem.vb
_Code\,FormControlsProcedures.vb
_Code\,FormHandler.vb
_Code\,FormSettings.vb
_Code\,IaipColors.vb
_Code\,IaipExceptionManager.vb
_Code\,IaipFormHelpers.vb
_Code\,IaipMessage.vb
_Code\,IaipValidation.vb
_Code\,IntegerConvert.vb
_Code\,ListViewItemComparer.vb
_Code\,MD5.vb
_Code\,OutlookEmail.vb
_Code\,RegexPatterns.vb
_Code\,SaveFile.vb
_Code\,SettingsHelper.vb
_Code\,SharedData.vb
_Code\,SimpleCrypt.vb
_Code\,StartupShutdown.vb
_Code\,StringFunctions.vb
_Code\,UrlHandler.vb
_Code\,UserSettings.vb
_DAL\,DAL.Contacts.vb
_DAL\,DAL.Dmu.EdtError.vb
_DAL\,DAL.Documents.vb
_DAL\,DAL.EventRegistration.vb
_DAL\,DAL.Fees.vb
_DAL\,DAL.IaipAppData.vb
_DAL\,DAL.IaipUser.vb
_DAL\,DAL.Ismp.StackTest.vb
_DAL\,DAL.NavigationScreen.vb
_DAL\,DAL.Organization.vb
_DAL\,DAL.QueryGenerator.vb
_DAL\,DAL.Sbeap.vb
_DAL\,DAL.SmokeSchool.vb
_DAL\,DAL.Sspp.Applications.vb
_DAL\,DAL.Sspp.Permit.vb
_DAL\,DAL.Staff.vb
_DAL\Facilities\,DAL.Afs.vb
_DAL\Facilities\,DAL.FacilityData.vb
_DAL\Facilities\,DAL.FacilityHeaderData.vb
_DAL\Facilities\,DAL.FacilitySummaryData.vb
_DAL\Facilities\,DAL.PollutantsPrograms.vb
_DAL\SSCP\,DAL.Sscp.Enforcement.vb
_DAL\SSCP\,DAL.Sscp.FacilityAssignments.vb
_DAL\SSCP\,DAL.Sscp.Fce.vb
_DAL\SSCP\,DAL.Sscp.WorkItem.vb
_Data Models\Dmu\,Dmu.EdtError.vb
_Data Models\Dmu\,Dmu.EdtErrorMessage.vb
_Data Models\Dmu\,Dmu.EdtSubmission.vb
_Data Models\Documents\,Document.vb
_Data Models\Documents\,DocumentType.vb
_Data Models\Event Registration\,Res.EventRegistration.vb
_Data Models\Event Registration\,Res.Registrant.vb
_Data Models\Event Registration\,Res.ResEvent.vb
_Data Models\Facilities\,Address.vb
_Data Models\Facilities\,Apb.ApbFacilityId.vb
_Data Models\Facilities\,Facility.vb
_Data Models\Facilities\,FacilityEnums.vb
_Data Models\Facilities\,FacilityHeaderData.vb
_Data Models\Facilities\,Location.vb
_Data Models\People\,Contact.vb
_Data Models\People\,Person.vb
_Data Models\SSCP\,Apb.Sscp.Document.vb
_Data Models\SSCP\,Apb.Sscp.EnforcementCase.vb
_Data Models\SSCP\,Apb.Sscp.EnforcementInfo.vb
_Data Models\SSCP\,Apb.Sscp.Fce.vb
_Data Models\SSCP\Work Item\,Apb.Sscp.Acc.vb
_Data Models\SSCP\Work Item\,Apb.Sscp.AccSubmittals.vb
_Data Models\SSCP\Work Item\,Apb.Sscp.Inspection.vb
_Data Models\SSCP\Work Item\,Apb.Sscp.Notification.vb
_Data Models\SSCP\Work Item\,Apb.Sscp.Report.vb
_Data Models\SSCP\Work Item\,Apb.Sscp.ReportSubmittals.vb
_Data Models\SSCP\Work Item\,Apb.Sscp.RmpInspection.vb
_Data Models\SSCP\Work Item\,Apb.Sscp.StackTest.vb
_Data Models\SSCP\Work Item\,Apb.Sscp.WorkItem.vb
_Data Models\SSPP\,Apb.Sspp.ApplicationInfo.vb
_Data Models\SSPP\,Apb.Sspp.Permit.vb
_Data Models\Users\,IaipRoles.vb
_Data Models\Users\,IaipUser.vb
Crystal Reports\,CrDataSet.vb
Crystal Reports\,CRViewerForm.vb
Crystal Reports\Facility\,FacilityBasicReport.vb
Crystal Reports\Facility\,FacilityDetailedReport1.vb
Crystal Reports\Fees\,ClassChanged10.vb
Crystal Reports\Fees\,crFS_Invoice.vb
Crystal Reports\Fees\,DepositQA11.vb
Crystal Reports\Fees\,FacilityBalance10.vb
Crystal Reports\Fees\,FacilityBalancewithZero10.vb
Crystal Reports\Fees\,FacilityClassification10.vb
Crystal Reports\Fees\,FacilityFee10.vb
Crystal Reports\Fees\,FacilityInfo10.vb
Crystal Reports\Fees\,feeByYear10.vb
Crystal Reports\Fees\,NoOperate10.vb
Crystal Reports\Fees\,NSPSStatus10.vb
Crystal Reports\Fees\,NSPSStatus1_10.vb
Crystal Reports\Fees\,NSPSStatus2_10.vb
Crystal Reports\Fees\,TotalFee10.vb
Crystal Reports\Fees\,TotalPayment10.vb
Crystal Reports\ISMP\,CRFlare.vb
Crystal Reports\ISMP\,CRGasConcentration.vb
Crystal Reports\ISMP\,CRLoadingRack.vb
Crystal Reports\ISMP\,CRMemorandumPTE.vb
Crystal Reports\ISMP\,CRMemorandumStandard.vb
Crystal Reports\ISMP\,CRMemorandumToFile.vb
Crystal Reports\ISMP\,CRMethod22.vb
Crystal Reports\ISMP\,CRMethod9Multi.vb
Crystal Reports\ISMP\,CRMethod9Single.vb
Crystal Reports\ISMP\,CROneStackFourRuns.vb
Crystal Reports\ISMP\,CROneStackThreeRuns.vb
Crystal Reports\ISMP\,CROneStackTwoRuns.vb
Crystal Reports\ISMP\,CRPondTreatment.vb
Crystal Reports\ISMP\,CRRata.vb
Crystal Reports\ISMP\,CRTwoStackDRE.vb
Crystal Reports\ISMP\,CRTwoStackStandard.vb
Crystal Reports\SmokeSchool\,crPassFailNoShow.vb
Crystal Reports\SmokeSchool\,SmokeSchoolRoster.vb
Crystal Reports\SSCP\,AccMemo.vb
Crystal Reports\SSCP\,SscpFceReport.vb
Crystal Reports\SSPP\,crAPBPrintOut2.vb
Crystal Reports\SSPP\,CRTitleVRenewal10.vb
Crystal Reports\SSPP\,SSPPPublicNotice.vb
Crystal Reports\Subreports\,Letterhead.vb
Crystal Reports\Subreports\Facility\,FacilityBasicInfo.vb
Crystal Reports\Subreports\Fees\,FeesFacilitySum.vb
Crystal Reports\Subreports\SSCP\,SscpAcc.vb
Crystal Reports\Subreports\SSCP\,SscpEnforcementSum.vb
Crystal Reports\Subreports\SSCP\,SscpFce.vb
Crystal Reports\Subreports\SSCP\,SscpInspections.vb
Crystal Reports\Subreports\SSCP\,SscpNotifications.vb
Crystal Reports\Subreports\SSCP\,SscpReports.vb
Crystal Reports\Subreports\SSCP\,SscpRmpInspections.vb
Crystal Reports\Subreports\SSCP\,SscpStackTests.vb
Crystal Reports\Subreports\SSPP\,crSSPPConfirmationLetter.vb
DMU\,DmuEdtErrorDetail.vb
DMU\,DmuEdtErrorMessageDetail.vb
DMU\,DmuEdtErrorMessages.vb
DMU\,DMUEisGecoTool.vb
DMU\,DMUIaipErrorLog.vb
Facility\,IAIPFacilitySummary.vb
Facility\Sub Forms\,IAIPEditAirProgramPollutants.vb
Facility\Sub Forms\,IAIPEditContacts.vb
Facility\Sub Forms\,IAIPEditFacilityLocation.vb
Facility\Sub Forms\,IAIPEditHeaderData.vb
Facility\Sub Forms\,IAIPEditSubParts.vb
Facility\Sub Forms\,IAIPFacilityCreator.vb
Facility\Sub Forms\,IAIPFacilityLookUpTool.vb
Facility\Sub Forms\,IAIPFacilitySummaryPrint.vb
Fees\,PASPDepositsAmendments.vb
Fees\,PASPFeeAuditLog.vb
Fees\,PASPFeeManagement.vb
Fees\,PASPFeesLog.vb
Fees\,PASPFeeStatistics.vb
ISMP\,ISMPConfidentialData.vb
ISMP\,ISMPManagersTools.vb
ISMP\,ISMPMemo.vb
ISMP\,ISMPMonitoringLog.vb
ISMP\,ISMPNotificationLog.vb
ISMP\,ISMPTestFirmComments.vb
ISMP\,ISMPTestMemoViewer.vb
ISMP\,ISMPTestReportAdministrative.vb
ISMP\,ISMPTestReports.vb
ISMP\SubPages\,ISMPAddPollutants.vb
ISMP\SubPages\,ISMPAddTestingFirms.vb
ISMP\SubPages\,ISMPStaffReports.vb
MASP\,MASPRegistrationTool.vb
SBEAP\,SBEAPCaseLog.vb
SBEAP\,SBEAPCaseWork.vb
SBEAP\,SBEAPClientSummary.vb
SBEAP\,SBEAPMiscTools.vb
SBEAP\,SBEAPPhoneLog.vb
SBEAP\,SBEAPReports.vb
SBEAP\Sub Forms\,SBEAPClientSearchTool.vb
SmokeSchool\,PassFailNoShow.vb
SmokeSchool\,SmokeSchool.vb
SSCP\,SSCPComplianceLog.vb
SSCP\,SscpDocuments.vb
SSCP\,SSCPEmissionSummaryTool.vb
SSCP\,SSCPEnforcement.vb
SSCP\,SSCPEvents.vb
SSCP\,SSCPFCEWork.vb
SSCP\,SSCPManagersTools.vb
SSCP\SubPages\,SSCPEnforcementChecklist.vb
SSCP\SubPages\,SSCPEnforcementSelector.vb
SSCP\SubPages\,SSCPWorkEntry.vb
SSPP\,SSPPApplicationLog.vb
SSPP\,SSPPApplicationTrackingLog.vb
SSPP\,SSPPPermitUploader.vb
SSPP\,SSPPPublicNoticiesAndAdvisories.vb
SSPP\,SSPPStatisticalTools.vb
SSPP\,SSPPTitleVTools.vb
SSPP\Sub Forms\,SSPPAttainmentStatus.vb
SSPP\Sub Forms\,SsppPermitRevocationDialog.vb
SSPP\Sub Forms\,SSPP_FeeContact.vb
Universal Forms\,BaseForm.vb
Universal Forms\,ExceptionDialog.vb
Universal Forms\,IaipAbout.vb
Universal Forms\,IAIPDistrictSourceTool.vb
Universal Forms\,IAIPListTool.vb
Universal Forms\,IAIPLogIn.vb
Universal Forms\,IAIPLookUpTables.vb
Universal Forms\,IAIPNavigation.vb
Universal Forms\,IAIPPrintOut.vb
Universal Forms\,IAIPQueryGenerator.vb
Users\,IaipChangePassword.vb
Users\,IaipCreateUser.vb
Users\,IaipRequestPasswordReset.vb
Users\,IaipRequestUsername.vb
Users\,IaipResetPassword.vb
Users\,IaipUserManagement.vb
Users\,IaipUserProfile.vb
